{
  "model_comparison": {
    "KNN": {
      "missing_0.1": {
        "metrics": {
          "MAE": 119.96334645879648,
          "MSE": 113725.76717267111,
          "RMSE": 337.2325120338653,
          "MAPE": 62.209047330199155,
          "feature_metrics": {
            "temp": {
              "MAE": 2.800263161442418,
              "RMSE": 3.623677269701816,
              "missing_count": "877"
            },
            "OD": {
              "MAE": 1.3974701049948959,
              "RMSE": 1.819042099631463,
              "missing_count": "862"
            },
            "pH": {
              "MAE": 0.39261002551564184,
              "RMSE": 0.49395377390119116,
              "missing_count": "927"
            },
            "turbiedad": {
              "MAE": 7.328169297581921,
              "RMSE": 9.838970808771762,
              "missing_count": "885"
            },
            "CE": {
              "MAE": 590.4956385653454,
              "RMSE": 755.6205286951664,
              "missing_count": "883"
            }
          }
        },
        "imputation_time": 8.828830242156982,
        "missing_count": "4434"
      },
      "training_time": 0.010277986526489258
    },
    "BRITS": {
      "missing_0.1": {
        "metrics": {
          "MAE": 76.95342754499129,
          "MSE": 50168.87403639844,
          "RMSE": 223.9840932664604,
          "MAPE": 41.049330758462816,
          "feature_metrics": {
            "temp": {
              "MAE": 1.539826586424226,
              "RMSE": 2.026098212424007,
              "missing_count": "870"
            },
            "OD": {
              "MAE": 0.8309206347705258,
              "RMSE": 1.2033439854423766,
              "missing_count": "858"
            },
            "pH": {
              "MAE": 0.22659541693954613,
              "RMSE": 0.3040696948729234,
              "missing_count": "895"
            },
            "turbiedad": {
              "MAE": 4.058567227262699,
              "RMSE": 6.107420081097752,
              "missing_count": "828"
            },
            "CE": {
              "MAE": 372.0163138793935,
              "RMSE": 496.6354229416151,
              "missing_count": "881"
            }
          }
        },
        "imputation_time": 1.4747345447540283,
        "missing_count": "4332"
      },
      "training_time": 601.0740575790405
    },
    "SAITS": {
      "missing_0.1": {
        "metrics": {
          "MAE": 62.19308306742723,
          "MSE": 45240.79546373262,
          "RMSE": 212.69883747621336,
          "MAPE": 35.64851108996137,
          "feature_metrics": {
            "temp": {
              "MAE": 1.3931816686697425,
              "RMSE": 1.9879492010921984,
              "missing_count": "891"
            },
            "OD": {
              "MAE": 0.6620271593746186,
              "RMSE": 1.001686309535655,
              "missing_count": "835"
            },
            "pH": {
              "MAE": 0.1741368113510755,
              "RMSE": 0.26335115047526586,
              "missing_count": "900"
            },
            "turbiedad": {
              "MAE": 3.479022515474375,
              "RMSE": 5.7405511724173826,
              "missing_count": "861"
            },
            "CE": {
              "MAE": 308.04111276025424,
              "RMSE": 477.7162229833415,
              "missing_count": "862"
            }
          }
        },
        "imputation_time": 0.6771247386932373,
        "missing_count": "4349"
      },
      "training_time": 746.285710811615
    }
  },
  "missing_rate_analysis": {},
  "computational_cost": {},
  "detailed_metrics": {}
}