{
  "model_comparison": {
    "KNN": {
      "missing_0.1": {
        "metrics": {
          "MAE": 113.7142120547962,
          "MSE": 109270.4117659375,
          "RMSE": 330.5607535173187,
          "MAPE": 61.50248459170715,
          "feature_metrics": {
            "temp": {
              "MAE": 2.830529136037569,
              "RMSE": 3.6386359072846393,
              "missing_count": "905"
            },
            "OD": {
              "MAE": 1.4075302546509258,
              "RMSE": 1.8123181565334732,
              "missing_count": "864"
            },
            "pH": {
              "MAE": 0.3722450273126463,
              "RMSE": 0.4698471435359811,
              "missing_count": "854"
            },
            "turbiedad": {
              "MAE": 7.060759240707852,
              "RMSE": 9.475693563267617,
              "missing_count": "866"
            },
            "CE": {
              "MAE": 581.1128046730229,
              "RMSE": 755.0862054090126,
              "missing_count": "827"
            }
          }
        },
        "imputation_time": 12.378768920898438,
        "missing_count": "4316"
      },
      "training_time": 0.04136466979980469
    },
    "BRITS": {
      "missing_0.1": {
        "metrics": {
          "MAE": 75.82994602466042,
          "MSE": 49615.39085806756,
          "RMSE": 222.74512532952895,
          "MAPE": 41.26551338185408,
          "feature_metrics": {
            "temp": {
              "MAE": 1.5141489846209781,
              "RMSE": 1.9472062445906937,
              "missing_count": "856"
            },
            "OD": {
              "MAE": 0.8812452542320809,
              "RMSE": 1.2275800066191564,
              "missing_count": "840"
            },
            "pH": {
              "MAE": 0.23134830105463183,
              "RMSE": 0.30808210176592205,
              "missing_count": "877"
            },
            "turbiedad": {
              "MAE": 3.5748984245322033,
              "RMSE": 5.32119334445863,
              "missing_count": "874"
            },
            "CE": {
              "MAE": 372.4951983068712,
              "RMSE": 497.7504348235456,
              "missing_count": "863"
            }
          }
        },
        "imputation_time": 1.443843126296997,
        "missing_count": "4310"
      },
      "training_time": 472.58171820640564
    },
    "SAITS": {
      "missing_0.1": {
        "metrics": {
          "MAE": 59.88316948014641,
          "MSE": 42375.97131713465,
          "RMSE": 205.8542477510111,
          "MAPE": 30.711044618171602,
          "feature_metrics": {
            "temp": {
              "MAE": 1.1573373684067487,
              "RMSE": 1.6975459360825202,
              "missing_count": "880"
            },
            "OD": {
              "MAE": 0.56774874514011,
              "RMSE": 0.9597977139959465,
              "missing_count": "839"
            },
            "pH": {
              "MAE": 0.14600278817260992,
              "RMSE": 0.23513306809355394,
              "missing_count": "868"
            },
            "turbiedad": {
              "MAE": 3.5579432023669253,
              "RMSE": 5.909902300408945,
              "missing_count": "865"
            },
            "CE": {
              "MAE": 290.7603713931906,
              "RMSE": 457.730125520299,
              "missing_count": "875"
            }
          }
        },
        "imputation_time": 0.44442200660705566,
        "missing_count": "4327"
      },
      "training_time": 526.0641281604767
    }
  },
  "missing_rate_analysis": {},
  "computational_cost": {},
  "detailed_metrics": {}
}